theme,instruments,avg_momentum,avg_emerging,top_1m_return,new_60d_highs
Nasdaq/technology,1,0.7849999999999999,0.5725,0.0684737565568112,1
US technology,1,0.845,0.5574999999999999,0.08517350157728698,1
US large cap,1,0.65,0.5199999999999999,0.02002272657811055,1
Japan,1,0.7100000000000002,0.4475,0.029256721138639863,1
Short US treasuries,1,0.535,0.35583333333333333,-0.004768590006279383,0
Global equities,1,0.5850000000000001,0.355,0.009287471231133049,0
UK gilts,1,0.4700000000000001,0.3258333333333333,-0.007289736537599567,0
Semiconductors,2,0.4625,0.31375,0.18733405028573258,1
Defence,1,0.25000000000000006,0.29250000000000004,-0.031094893845289406,0
Clean energy,1,0.355,0.28500000000000003,-0.004340567612687862,0
UK dividend,1,0.345,0.1983333333333333,-0.031370904138018685,0
US energy,1,0.5899999999999999,0.17166666666666663,-0.032398959297234686,0
Oil,1,0.74,0.14916666666666664,0.057613566961328244,0
UK large cap,1,0.275,0.1275,-0.04134419238272058,0
US financials,1,0.145,0.09,-0.08277854605377566,0
Gold,1,0.19,0.007499999999999989,-0.05825844437558103,0
Copper miners,1,0.42,-0.034166666666666644,-0.014651399977024249,0
Broad commodities,1,0.5599999999999999,-0.060833333333333336,-0.014275659795096596,0
Silver,1,0.075,-0.255,-0.1043030122939731,0
