yahoo_ticker,last_price,last_date,ret_short,ret_month,ret_quarter,ret_year,vol_20d,ma_20,pct_above_ma_20,above_ma_20,ma_50,pct_above_ma_50,above_ma_50,ma_200,pct_above_ma_200,above_ma_200,near_20d_high,new_20d_high,drawdown_from_20d_high,near_60d_high,new_60d_high,drawdown_from_60d_high,near_252d_high,new_252d_high,drawdown_from_252d_high,ret_month_10d_ago,rank_ret_short,rank_ret_month,rank_ret_quarter,rank_ret_year,rank_vol_20d,rank_month_10d_ago,momentum_score,rank_jump,breakout_bonus,trend_bonus,emerging_score,overextended,ticker,name,exchange,currency,asset_class,theme,include
SMGB.L,89.43000030517578,2026-10-02,0.03783221777304546,0.18733405028573258,0.02510319228602076,1.180687733854858,0.3507330092469508,82.09549980163574,0.08934107863722263,True,79.5463998413086,0.12424950071385399,True,68.10351247787476,0.31314813364772487,True,True,True,0.0,True,True,0.0,False,False,-0.050536171704545496,0.0343977348700264,1.0,1.0,0.6,1.0,1.0,0.8,0.78,0.19999999999999996,0.6666666666666666,1.0,0.59,False,SMGB,VanEck Semiconductor UCITS ETF,LSE,GBP,Equity ETF,Semiconductors,1
EQQQ.L,56944.0,2026-10-02,0.009878163406458862,0.0684737565568112,0.043930298394209366,0.2710745317807346,0.15579422869206253,54667.006640625,0.04165205851389864,True,53553.550703125,0.0633095145393816,True,50035.2048046875,0.13807868324474715,True,True,True,0.0,True,True,0.0,True,True,0.0,0.015837223142698642,0.85,0.9,0.8,0.7,0.55,0.75,0.7849999999999999,0.15000000000000002,1.0,1.0,0.5725,False,EQQQ,Invesco EQQQ Nasdaq-100 UCITS ETF,LSE,GBP,Equity ETF,Nasdaq/technology,1
IITU.L,4128.0,2026-10-02,0.016748768472906406,0.08517350157728698,0.11447084233261329,0.348138471587198,0.16348289659968,3931.05,0.050101118021902424,True,3811.6,0.0830097596809738,True,3417.6675,0.20784131282519436,True,True,True,0.0,True,True,0.0,True,True,0.0,0.04054779806659514,0.95,0.95,0.85,0.8,0.6,0.9,0.845,0.04999999999999993,1.0,1.0,0.5574999999999999,False,IITU,iShares S&P 500 Information Technology Sector UCITS ETF,LSE,GBP,Equity ETF,US technology,1
VUSA.L,110.50749969482422,2026-10-02,0.0006791202442844035,0.02002272657811055,0.03661173926498118,0.1859145556610926,0.09727864839525671,108.65727233886719,0.017028104204445338,True,107.79761795043946,0.02513860506296761,True,101.55401588439942,0.08816474397838392,True,True,True,0.0,True,True,0.0,True,True,0.0,0.00548946011302176,0.6,0.75,0.65,0.5,0.15,0.55,0.65,0.19999999999999996,1.0,1.0,0.5199999999999999,False,VUSA,Vanguard S&P 500 UCITS ETF,LSE,GBP,Equity ETF,US large cap,1
IJPN.L,1952.5,2026-10-02,0.013233004670472281,0.029256721138639863,0.03919952384228753,0.2874992503953284,0.1902623097042836,1910.6,0.021930283680519302,True,1871.24,0.043425749770205746,True,1767.678021850586,0.10455635916993722,True,True,True,0.0,True,True,0.0,False,False,-0.06701392635800218,0.037441924022957096,0.9,0.8,0.7,0.75,0.75,0.85,0.7100000000000002,-0.04999999999999993,0.6666666666666666,1.0,0.4475,False,IJPN,iShares MSCI Japan UCITS ETF,LSE,GBP,Equity ETF,Japan,1
IBTG.L,4.56850004196167,2026-10-02,0.0020837961550963513,-0.004768590006279383,-0.0014603666070478472,0.016035841078337443,0.013827378637570864,4.568515920639038,-3.475675174224868e-06,False,4.57897614479065,-0.0022878701477617724,False,4.562361752986908,0.0013454191725905673,True,True,False,-0.00412990039780381,False,False,-0.006255375397203777,False,False,-0.006255375397203777,-0.005955958242566117,0.7,0.6,0.45,0.25,0.05,0.35,0.535,0.25,0.0,0.3333333333333333,0.35583333333333333,False,IBTG,iShares Treasury Bond 1-3yr UCITS ETF,LSE,GBP,Bond ETF,Short US treasuries,1
VWRP.L,145.6199951171875,2026-10-02,-0.003421845173201654,0.009287471231133049,0.022325137751169066,0.1908733772562181,0.1105292493038258,144.2239990234375,0.009679360600194808,True,143.25399963378905,0.016516086737171864,True,135.48699985504152,0.07478942830668145,True,True,False,-0.003421845173201654,True,False,-0.003421845173201654,True,False,-0.003421845173201654,0.004344852061920035,0.55,0.7,0.55,0.55,0.25,0.5,0.5850000000000001,0.19999999999999996,0.0,1.0,0.355,False,VWRP,Vanguard FTSE All-World UCITS ETF,LSE,GBP,Equity ETF,Global equities,1
IGLT.L,9.532500267028809,2026-10-02,0.0021025448793376977,-0.007289736537599567,-0.018280099940353622,0.010965974045650695,0.0627319371159032,9.52675004005432,0.0006035874721506129,True,9.577750072479247,-0.004724471311948308,False,9.639443082809448,-0.011094294023205165,False,False,False,-0.007806381334328094,False,False,-0.015491827555194626,False,False,-0.040107006563692815,-0.0036467671756772457,0.75,0.55,0.3,0.2,0.1,0.4,0.4700000000000001,0.15000000000000002,0.0,0.3333333333333333,0.3258333333333333,False,IGLT,iShares Core UK Gilts UCITS ETF,LSE,GBP,Bond ETF,UK gilts,1
DFNS.L,58.58000183105469,2026-10-02,-0.012641159225574738,-0.031094893845289406,-0.06136833881944381,-0.11242421468098962,0.15147868207646265,59.42550048828125,-0.01422787608483489,False,61.87360008239746,-0.053231075078170154,False,64.928099899292,-0.09777119734111495,False,False,False,-0.032535052532256525,False,False,-0.13890926235203815,False,False,-0.21611134484688177,-0.100855435734858,0.45,0.4,0.15,0.05,0.5,0.05,0.25000000000000006,0.35000000000000003,0.0,0.0,0.29250000000000004,False,DFNS,VanEck Defense UCITS ETF,LSE,GBP,Equity ETF,Defence,1
INRG.L,745.5,2026-10-02,0.001343183344526544,-0.004340567612687862,-0.1450688073394495,0.10907421152064001,0.29008248921878504,751.7,-0.008247971265132437,False,756.31,-0.014293080879533404,False,806.4209768676758,-0.07554488116654268,False,False,False,-0.044230769230769185,False,False,-0.09444275736410568,False,False,-0.25857782197911483,0.00033355570380244615,0.65,0.65,0.05,0.35,0.85,0.45,0.355,0.2,0.0,0.0,0.28500000000000003,False,INRG,iShares Global Clean Energy UCITS ETF,LSE,GBP,Equity ETF,Clean energy,1
UKDV.L,12.843999862670898,2026-10-02,-0.017892659792404064,-0.031370904138018685,-0.0019520164550074215,0.14561231294785326,0.12794782645957198,13.054232263565064,-0.01610453963508318,False,13.247722721099853,-0.030474887414871588,False,12.390007963180542,0.03664177624739917,True,False,False,-0.03486622796786887,False,False,-0.05249153195583012,False,False,-0.05249153195583012,-0.00826078693391441,0.4,0.35,0.4,0.45,0.4,0.25,0.345,0.09999999999999998,0.0,0.3333333333333333,0.1983333333333333,False,UKDV,SPDR S&P UK Dividend Aristocrats UCITS ETF,LSE,GBP,Equity ETF,UK dividend,1
IUES.L,13.289999961853027,2026-10-02,0.006056012375097453,-0.032398959297234686,0.18660715965896268,0.44495782888050295,0.1795188428681637,13.460250091552734,-0.012648363034989285,False,13.132199993133545,0.012016262987313064,True,11.886837511062621,0.1180433777684382,True,False,False,-0.04388486859122265,False,False,-0.04388486859122265,False,False,-0.04388486859122265,0.010366556248529779,0.8,0.3,0.95,0.9,0.65,0.6,0.5899999999999999,-0.3,0.0,0.6666666666666666,0.17166666666666663,False,IUES,iShares S&P 500 Energy Sector UCITS ETF,LSE,GBP,Equity ETF,US energy,1
CRUD.L,16.916000366210938,2026-10-02,-0.010528796098905446,0.057613566961328244,0.3536049225682374,0.8271764617777795,0.311211053573181,17.09700002670288,-0.010586632754825298,False,15.700069961547852,0.07744745135793063,True,13.426707491874694,0.2598770306456608,True,False,False,-0.04682478089457198,False,False,-0.04682478089457198,False,False,-0.04682478089457198,0.13348735094669317,0.5,0.85,1.0,0.95,0.95,1.0,0.74,-0.15000000000000002,0.0,0.6666666666666666,0.14916666666666664,False,CRUD,WisdomTree WTI Crude Oil,LSE,GBP,Commodity ETC,Oil,1
ISF.L,1018.2000122070312,2026-10-02,-0.020961526724008417,-0.04134419238272058,-0.017669095673423674,0.11082723329711186,0.10470032715728389,1040.8253173828125,-0.0217378505287259,False,1050.9336572265624,-0.031147204007069274,False,1021.7233468627929,-0.0034484233590043045,False,False,False,-0.039897996216957776,False,False,-0.04511989213331258,False,False,-0.046027971272969204,-0.015510988512278945,0.35,0.2,0.35,0.4,0.2,0.15,0.275,0.05000000000000002,0.0,0.0,0.1275,False,ISF,iShares Core FTSE 100 UCITS ETF,LSE,GBP,Equity ETF,UK large cap,1
IUFS.L,15.845000267028809,2026-10-02,-0.021309466068457406,-0.08277854605377566,-0.04114973477753969,0.006670933763500697,0.11861418268246074,16.451250123977662,-0.03685129411929888,False,16.815650081634523,-0.057723002672720014,False,15.850625019073487,-0.00035485995270911896,False,False,False,-0.07555421054458922,False,False,-0.08277854605377566,False,False,-0.08277854605377566,-0.03621500051638793,0.3,0.1,0.2,0.15,0.3,0.1,0.145,0.0,0.0,0.0,0.09,False,IUFS,iShares S&P 500 Financials Sector UCITS ETF,LSE,GBP,Equity ETF,US financials,1
CHIP.L,11.090999603271484,2026-10-02,-0.026080079335523143,-0.03371668360952196,-0.06853111723987249,-0.05656685832362773,0.12062415726046084,11.370300006866454,-0.024564031153646138,False,11.54833999633789,-0.039602262594575,False,11.794299993515015,-0.059630532598817565,False,False,False,-0.053265091010567533,False,False,-0.07343363777346934,False,False,-0.12469418220260464,-0.008101341481085877,0.2,0.25,0.1,0.1,0.35,0.3,0.14500000000000002,-0.04999999999999999,0.0,0.0,0.037500000000000006,False,CHIP,HSBC Nasdaq Global Semiconductor UCITS ETF,LSE,GBP,Equity ETF,Semiconductors,1
SGLN.L,6078.0,2026-10-02,-0.031085604973696834,-0.05825844437558103,0.008629273149684646,0.08496965369510878,0.1817776755423439,6225.1,-0.023630142487670924,False,6233.48,-0.024942728620289123,False,6541.01,-0.07078570434841103,False,False,False,-0.0402652771198484,False,False,-0.08505193436700287,False,False,-0.2096228868660598,-0.011578782663119958,0.1,0.15,0.5,0.3,0.7,0.2,0.19,-0.05000000000000002,0.0,0.0,0.007499999999999989,False,SGLN,iShares Physical Gold ETC,LSE,GBP,Commodity ETC,Gold,1
COPA.L,55.81999969482422,2026-10-02,-0.03006080912547182,-0.014651399977024249,0.04219563598928899,0.2432070779029123,0.24840707093633815,56.57350025177002,-0.01331896654073883,False,56.48679985046387,-0.011804530570059812,False,53.32665008544922,0.04675616423270035,True,False,False,-0.04204566232525275,False,False,-0.04204566232525275,False,False,-0.04204566232525275,0.014842665562096125,0.15,0.45,0.75,0.65,0.8,0.7,0.42,-0.24999999999999994,0.0,0.3333333333333333,-0.034166666666666644,False,COPA,Global X Copper Miners UCITS ETF,LSE,GBP,Equity ETF,Copper miners,1
CMOD.L,35.04249954223633,2026-10-02,-0.025920749727218695,-0.014275659795096596,0.13122422747379914,0.3797618192911114,0.12942148546341584,35.89987449645996,-0.023882394193555645,False,34.570399627685546,0.01365618909920574,True,31.989662380218505,0.09543199067663832,True,False,False,-0.040522953777430315,False,False,-0.040522953777430315,False,False,-0.040522953777430315,0.05244774417003706,0.25,0.5,0.9,0.85,0.45,0.95,0.5599999999999999,-0.44999999999999996,0.0,0.6666666666666666,-0.060833333333333336,False,CMOD,Invesco Bloomberg Commodity UCITS ETF,LSE,GBP,Commodity ETF,Broad commodities,1
PHAG.L,54.744998931884766,2026-10-02,-0.06210382159215411,-0.1043030122939731,-0.02744718348754538,0.23997728289534725,0.29116699190855094,58.15225028991699,-0.05859190901547984,False,58.11960029602051,-0.05806305182671401,False,66.41490007400513,-0.17571209365845264,False,False,False,-0.10474247643777279,False,False,-0.13309584150286624,False,False,-0.4721847446241898,0.011986590683953136,0.05,0.05,0.25,0.6,0.9,0.65,0.075,-0.6,0.0,0.0,-0.255,False,PHAG,WisdomTree Physical Silver,LSE,GBP,Commodity ETC,Silver,1
